{
  "project_info": {
    "project_number": "885297168783",
    "firebase_url": "https://phase-2-challenge.firebaseio.com",
    "project_id": "phase-2-challenge",
    "storage_bucket": "phase-2-challenge.appspot.com"
  },
  "client": [
    {
      "client_info": {
        "mobilesdk_app_id": "1:885297168783:android:b4470d06b32c6715",
        "android_client_info": {
          "package_name": "com.example.travelmantics"
        }
      },
      "oauth_client": [
        {
          "client_id": "885297168783-4dknctobr296sbfvft05f4dkb7ufqrlm.apps.googleusercontent.com",
          "client_type": 1,
          "android_info": {
            "package_name": "com.example.travelmantics",
            "certificate_hash": "ebb0354dfc44c5557e272095da02930bca1e4aaf"
          }
        },
        {
          "client_id": "885297168783-sfmgcfiqip461ui1ncei1rd9s2dl3245.apps.googleusercontent.com",
          "client_type": 3
        }
      ],
      "api_key": [
        {
          "current_key": "AIzaSyC_GrUXYKhFnqCw4dwK_gIFa8zvzhimSDc"
        }
      ],
      "services": {
        "appinvite_service": {
          "other_platform_oauth_client": [
            {
              "client_id": "885297168783-sfmgcfiqip461ui1ncei1rd9s2dl3245.apps.googleusercontent.com",
              "client_type": 3
            }
          ]
        }
      }
    }
  ],
  "configuration_version": "1"
}